<?xml version="1.0" encoding="UTF-8"?>
<configuration debug="true">
    <appender name="Console"
              class="ch.qos.logback.core.ConsoleAppender">
        <layout class="ch.qos.logback.classic.PatternLayout">
            <Pattern>
                %black(%d{ISO8601}) %thread %X{Correlation-Id} %highlight(%-5level) [%blue(%t)] %yellow(%C{1.}): %msg%n%throwable
            </Pattern>
        </layout>
    </appender>

    <appender name="stdout" class="ch.qos.logback.core.ConsoleAppender">
        <encoder class="net.logstash.logback.encoder.LoggingEventCompositeJsonEncoder">
            <providers>
                <timestamp>
                    <fieldName>timestamp</fieldName>
                    <timeZone>UTC</timeZone>
                </timestamp>
                <loggerName>
                    <fieldName>logger</fieldName>
                </loggerName>
                <logLevel>
                    <fieldName>level</fieldName>
                </logLevel>
                <threadName>
                    <fieldName>thread</fieldName>
                </threadName>
                <nestedField>
                    <fieldName>mdc</fieldName>
                    <providers>
                        <mdc/>
                    </providers>
                </nestedField>
                <stackTrace>
                    <fieldName>stackTrace</fieldName>
                </stackTrace>
                <message/>
                <throwableClassName>
                    <fieldName>exceptionClass</fieldName>
                </throwableClassName>
            </providers>
        </encoder>
    </appender>
    
    <logger name="com.digitalrealty" additivity="false">
        <appender-ref ref="stdout" />
    </logger>

    <root>
        <appender-ref ref="stdout"/>
    </root>

</configuration>